Vitesse,Temps,Profondeur,Max contrainte
20,5.00E-05,1,39991000
20,0.0001,1,53966000
20,0.00015,1,74524000
20,0.0002,1,78407000
20,0.00025,1,61198000
20,0.0003,1,59661000
20,0.00035,1,65213000
20,0.0004,1,61089000
20,0.00045,1,72644000
20,0.0005,1,91445000
20,0.00055,1,62686000
20,0.0006,1,62686000
20,0.00065,1,62686000
20,0.0007,1,62686000
20,0.00075,1,62686000
20,0.0008,1,62686000
20,0.00085,1,62686000
20,0.0009,1,62686000
20,0.00095,1,62686000
20,0.001,1,62686000
40,2.50E-05,1,39840000
40,5.00E-05,1,39991000
40,7.50E-05,1,39991000
40,0.0001,1,53966000
40,0.000125,1,83788000
40,0.00015,1,74524000
40,0.000175,1,57568000
40,0.0002,1,78407000
40,0.000225,1,66497000
40,0.00025,1,61198000
40,0.000275,1,79236000
40,0.0003,1,59661000
40,0.000325,1,59926000
40,0.00035,1,65213000
40,0.000375,1,49803000
40,0.0004,1,61089000
40,0.000425,1,70599000
40,0.00045,1,72644000
40,0.000475,1,68359000
40,0.0005,1,91445000
70,7.01E-06,1,68521000
70,1.40E-05,1,44958000
70,2.10E-05,1,39303000
70,2.80E-05,1,40050000
70,3.50E-05,1,55266000
70,4.20E-05,1,39988000
70,4.90E-05,1,39991000
70,5.60E-05,1,39991000
70,6.30E-05,1,39991000
70,7.00E-05,1,39991000
70,7.70E-05,1,44683000
70,8.40E-05,1,58894000
70,9.10E-05,1,80846000
70,9.80E-05,1,55590000
70,0.000105,1,74411000
70,0.000112,1,82667000
70,0.000119,1,93234000
70,0.000126,1,88391000
70,0.000133,1,84208000
70,0.00014,1,74435000
20,5.00E-05,2,53620000
20,0.0001,2,53618000
20,0.00015,2,80653000
20,0.0002,2,105530000
20,0.00025,2,82569000
20,0.0003,2,95214000
20,0.00032537,2,102290000
40,2.50E-05,2,53530000
40,5.00E-05,2,53620000
40,7.50E-05,2,53618000
40,0.0001,2,53618000
40,0.000125,2,63223000
40,0.00015,2,80653000
40,0.000175,2,100190000
40,0.0002,2,105530000
40,0.000225,2,87813000
40,0.00025,2,82569000
40,0.000275,2,90425000
40,0.0003,2,95214000
40,0.000325,2,102980000
40,0.00032537,2,102290000
70,7.00E-06,2,78937000
70,1.40E-05,2,60053000
70,2.10E-05,2,52451000
70,2.80E-05,2,53807000
70,3.50E-05,2,53608000
70,4.20E-05,2,53620000
70,4.90E-05,2,53621000
70,5.60E-05,2,53618000
70,6.30E-05,2,53618000
70,7.00E-05,2,53618000
70,7.70E-05,2,53618000
70,8.40E-05,2,54565000
70,9.10E-05,2,53618000
70,9.80E-05,2,53618000
70,0.000105,2,60246000
70,0.000112,2,53618000
70,0.000119,2,59317000
70,0.000126,2,53618000
70,0.000133,2,53618000
70,0.00014,2,78505000
66.62362597,0.000105971,1,45781931.65
70,8.18E-05,1.408731774,77118932.34
62.03751516,0.000184177,1.840750303,55062076.25
55.90246882,6.74E-05,2,57090032.69
35.34191523,0.000415064,1.232904238,77900648.66
31.02237885,0.000246446,1,66478765.67
49.83233601,8.02E-05,1,53381002.92
48.26940821,6.90E-05,1,54667270.04
40,0.00028444,1.622381859,78807955.52
70,0.00010944,1,81755997.49
36.69237917,0.000311439,1,58414420.17
45.06164655,8.43E-05,1.168721552,58179145.87
40,3.74E-05,1,41303041.5
70,0.000117636,2,65251727.97
20,0.000442297,1,61281993.83
40,0.000299723,1.445063898,74610458.07
20,0.000329267,1.934961153,93098416.38
58.60884513,0.00010038,1.379705162,55430571.31
40,0.000242805,1.753438151,93398207.31
40,0.000193305,1.626780915,57945475.29
62.88346502,4.98E-05,1,39988711.65
70,5.86E-05,2,53994190.11
40.12603524,0.000200087,1,72143745.52
24.41768418,0.000338956,1.220884209,71839747.16
51.75693515,0.000312283,1,71010662.91
70,7.07E-05,1,40897632.05
40,0.000457798,1,79714977.71
48.05519832,0.000168349,1.268506611,64766743.4
26.25105056,0.000574979,1.312552528,72852708.62
70,9.67E-05,1.687487565,49359393.05
47.38304052,0.000249559,1,65113663.86
36.75640193,7.08E-05,1,54292924.18
53.78624398,0.000139617,2,78788234.85
49.0327221,0.000388319,1.580654442,57420625.52
45.31523807,0.00026866,1.822825398,96874740.38
40,0.000180172,1.849142418,78323758.94
25.24509939,0.000190769,2,100084328
25.41540072,7.03E-05,1.729229964,61788590.44
20,0.000470873,1.286949043,67841613.46
70,0.000132085,1.717312516,79681545.31
70,8.15E-05,1.079926039,45397139.16
22.30056286,0.000195951,1.046011257,77266426.95
31.5800234,0.00035128,1,49458139.27
70,6.27E-05,1,39991000
43.93828589,0.000153867,1.131276196,57894221.35
23.69087965,0.000259227,2,84902558.66
45.40431383,0.000425541,1,51154981.95
20,0.000288927,1,76256204.48
40,0.000126716,1.068653881,83572770.08
57.03053195,0.000127315,1,70782557.42
39.56810888,0.000245681,1.978405444,81649547
57.31788131,0.000174693,1.57726271,52114359.89
35.5222002,0.000302236,1,47606191.42
62.75282168,0.000105151,2,65368237.84
40,0.000215774,2,102353192.7
64.04507943,7.03E-05,1.198497352,42695923.42
49.16014889,0.000132255,2,85966731.49
40,0.00014535,1.062007118,73227679.19
62.99961483,8.96E-05,2,65731466.5
28.87763767,0.000266709,1.443881884,72157162.79
46.01962772,0.000240889,2,84369455.17
20,0.000493276,1,89403960.64
40,8.92E-05,1.566854507,47715526.37
25.90388088,0.000708124,1,62246751.26
20,0.000440924,1,64702411.33
70,9.06E-06,2,73392213.78
25.26242953,0.000269734,2,87939572.46
70,0.000123857,1,74423930.58
55.57963056,4.84E-05,1,39918417.47
63.64972482,8.70E-05,1,42489198.26
46.17618138,0.000415798,1,89262955.12
41.25603938,0.000401469,1.425120788,58831004.7
22.95897682,9.63E-05,1,51898414.95
40,0.000327387,1,76386908.57
20,0.000359012,1.606589389,86334722.5
22.7289605,0.000894253,1,63206003.42
48.70532966,0.000227701,1.290177655,71802228.82
70,6.72E-05,1.582434147,65742046.12
22.72159112,0.000844538,1.136079556,67789527.67
40,0.000322362,2,101640474.1
70,0.000109653,2,58047963.86
62.09319438,0.000108565,2,63321069.14
61.0342191,0.000165622,1.298859363,92394504.05
40,0.00038789,1.496883848,87717468.41
36.61851078,0.000104591,1.169074461,47189852.39
40.9274141,0.000128012,1.418548282,68110712.26
45.83056808,6.03E-05,1.516611362,47030863.02
51.23584344,0.000310301,1,62171819.38
40,0.000241363,1,65005609.96
70,1.10E-05,1.886044201,74498535.6
37.82169891,0.000210397,1,61257715.3
53.25178922,0.000120073,2,67081614.75
54.90815815,0.000269458,1.496938605,62160485.55
33.19700176,0.000184526,2,74104735.83
70,0.000115946,1,75396808.75
20,0.000107265,1,56953146.03
39.41809634,0.000269908,2,89354093.6
70,8.30E-05,1,58595374.33
28.25596281,0.000815098,1.165119256,61188698.58
35.13243862,0.000640328,1,55816478.16
49.4573557,0.000320744,1.589147114,57343613.97
22.91727013,0.00033906,1.145863507,68890510.73
56.42501734,0.000100268,2,57770266.48
60.87336083,2.01E-05,1,59841566.15
22.87139533,0.000851531,1.057427907,62165243.74
31.29960505,0.000296888,1.564980252,57513040.81
60.54126521,0.000166164,1.68470884,52415164.23
20,0.000154346,1,67248734.3
55.90918814,0.000203293,1.718183763,56309246.37
57.29204434,0.000204238,1.576401478,60812279.31
21.44307114,0.000680403,1.028861423,62390603.34
20,0.000697869,1,62146104.74
50.44627516,0.000157938,1,68300851.31
70,0.000111626,2,59368694.26
20,0.000345736,1,61435426.38
40.8346477,0.000425819,1,71011941.92
20,0.000795561,1,62492800.39
66.17640443,6.64E-05,1,48226027.14
70,7.14E-05,1.654304968,48669375.61
27.36856067,0.000440789,1,71890564.67
40,0.000159348,1.313037058,59338224.57
70,6.81E-05,2,53611632.66
20,0.000725001,1,62686000
20,0.00054446,1.282800906,67767083.87
54.9878048,0.000174064,1,58396279.69
55.49574589,0.000167979,1.483475137,70089246.31
38.3435631,0.000104141,1,55668651.49
35.69107447,0.000410772,1,63578481.72
46.43573008,0.000246039,2,87867869.91
40,0.000166505,1.660181171,91468209.94
70,4.33E-05,2,54394964.14
52.32717548,0.000282351,1,59225458.59
70,3.40E-05,2,53636521.14
70,2.57E-05,1,39804241.55
70,0.00013215,2,53618000
70,0.000101613,2,53618000
46.2087071,0.000402793,1,73967275.89
22.01202717,0.000482697,1.040240543,89922820.96
40,0.000219199,1,85711420.6
55.67748562,0.000186161,1.477417146,82056358.18
36.97081077,0.000335277,1,76045968.73
20,0.000449978,1.250109394,92387662.31
20,0.000716442,1.22944781,60605367.26
40,5.39E-05,1.05185585,41195715.1
30.49471567,0.000508922,1.524735783,85167779.91
48.36897032,6.97E-05,2,53618000
37.92722731,0.000259092,1.358544546,67488303.06
20,0.00019158,1,58853249.41
57.63391176,0.000124838,1.247321765,76642427.21
33.445671,0.000211008,1.26891342,60941994.42
36.58285044,0.000179963,2,84349843.25
20,0.00079716,1.203786708,71417037.71
40,0.000496094,1.017358324,91427294.51
70,5.05E-05,1.356500035,44886992.47
44.85996248,0.000207828,1.838001251,88691195.22
40,0.000272774,1,58964310.97
25.65371655,0.000672261,1,64289676.7
22.08641556,0.000815992,1,62376375.93
59.28399349,6.74E-05,1.642799783,48696495.41
40.87889775,6.42E-05,1,47884476.08
40,0.000386273,1,66465695.83
56.9639144,0.000268728,1.565463813,70055200.33
40.12342609,7.50E-05,1,40068770.78
61.05594257,0.000192285,1.821118851,55242557.61
53.12402066,0.000239994,1,80304923.5
45.01910663,0.000435086,1,89976409.4
20,0.000351559,1,60180891.15
20,0.000395335,1.45481212,70857609.36
63.24567442,7.82E-05,1.225144186,50812821.07
20,0.000926667,1,62686000
24.76286568,0.000171443,1,55662294.61
64.12054823,0.000139774,1.804018274,60724148.79
69.62194738,0.000144537,1.987398246,78668066.7
20,8.84E-05,1.767131047,50444694.77
63.40798722,0.000113512,1,42772565.71
44.49347728,9.13E-05,1.850217424,51576463.49
44.49799902,0.000156109,2,93207756.12
70,1.25E-05,1.394908677,62174817.56
64.40119987,0.00013934,1.813373329,55781936.25
68.40137956,0.000105294,1.968027591,54824647.93
33.22513896,0.00063258,1.264502779,60337479.82
29.58186806,0.000185932,1,70678317.26
40,0.00030991,2,100691269.5
24.09843208,0.000662984,1.204921604,70801715.2
41.63437726,0.000219988,1,67461881.86
51.24828795,0.000297266,1,71325691.92
70,6.36E-05,2,53619430.67
47.93244017,0.000105024,1.735585328,64093051.66
30.82097596,0.000146321,2,74802098.3
69.72258686,4.95E-05,1.009247105,40117010.3
70,8.03E-06,1.981549666,78218433.3
70,0.000125593,1,83664486.66
40,0.000248836,1,73564651.14
29.6558671,0.000346559,1.517206645,77777275.95
35.42279848,8.43E-05,1.30845597,53859582.69
40,0.000223588,1.388705431,72201204.66
27.62357829,0.000564116,1,59362119.87
70,4.57E-05,2,53620528.59
70,8.49E-05,1.875960773,57824874.94
47.71114303,0.000198338,1,55746992.99
31.28529425,0.000378213,1,62885972.33
20,0.000652991,1,62686000
70,3.29E-05,1.305362928,54820475.49
20,0.000291114,1,67954450.39
54.57453101,0.000165159,1.30850938,80828920.63
40.3434278,0.000158501,1.593131444,85210984.31
40,0.000215103,1.697946508,92139364.61
52.91255397,6.78E-05,1.658251079,48960987.46
51.34558355,0.000244108,1.378186118,60827931.96
57.43637609,7.74E-05,1.581212536,69987930.69
20,0.000156679,1.98091836,80858929.06
21.69733166,0.000888472,1,63009426.55
56.83789027,0.000141399,1.736757805,55586892.71
70,8.81E-05,1.941368214,52818848.76
69.02174145,8.26E-05,2,54562052.11
40,0.000353903,1.549124941,82407990.57
54.40616777,0.000343312,1.688123355,56446097.41
23.2644018,0.000593907,1,58981720.06
58.02402602,0.000104011,1,65597664.75
29.90833253,0.000188991,1.495416626,59425047.55
70,8.89E-05,1.84685883,52249683.64
27.24393812,0.000564176,1,61686336.54
28.30596957,0.000261793,1,56393431.57
67.06578149,9.33E-05,1.097807284,55397319.65
40,0.000177589,1.48273958,57538833.99
37.55141459,0.00045715,1.122429271,90123743.31
62.29663877,0.000131494,1,46467472.57
68.03153021,3.11E-05,1.93438434,52900454.05
70,0.000106548,1.118609072,89298432.39
70,2.08E-05,1,39435888.49
55.4614231,0.000174248,1.51538077,56546554.01
67.17052947,7.90E-05,1,41846189.51
49.71467751,0.000201819,1.676177416,74093331.82
54.74438804,0.000159635,2,66309448.71
57.46082395,0.000153903,2,69015398.16
52.87167474,0.000252843,1,58020851.92
20,0.000129142,1.582845471,69520397.09
70,7.75E-05,1.688652462,50027420.98
25.01367088,0.000318665,1,65534877.67
26.17205292,0.000268152,1,57232544.06
20,5.00E-05,1.079701493,41077251.65
70,0.000133915,1.86933858,56337978.78
56.32743144,0.000167342,1.455752285,76697295.47
40.82037191,0.000146472,1.02734573,73920397.7
70,0.000139217,2,77808777.73
24.45105039,0.000374985,1.089021008,60931254.77
70,0.00010766,1,80124708.31
48.71354344,0.000358843,1,77942783.54
60.27978012,0.000114771,1.324007329,63757553.26
70,5.41E-05,1,53301005.25
33.14161603,0.000431416,1.342919199,92737462.46
63.78244983,0.000122855,2,61970153.01
58.40848002,6.55E-05,1.613616001,65391178.68
69.81129662,3.75E-05,1.993709887,53714875.3
41.315139,0.000171625,1,57481288.5
54.10744353,1.98E-05,1.470248118,49345125.2
40,0.000428409,1.22028014,93371349.82
46.94690932,0.000274056,1.231563644,60000100.37
70,7.11E-05,1.605152133,61829887.16
53.56902037,0.000108515,1,49644596.71
46.74192261,7.39E-05,2,53618000
65.14974733,0.000137436,1.902994947,54497641.82
70,8.89E-05,1.438145521,56865736.58
40,0.000311904,1.261915349,67914156.23
40,0.000320456,1.530294047,72479716.13
47.94482411,0.000163877,1.26482747,56521931.49
48.4156419,7.78E-05,1.719478603,49602336.21
44.63193303,0.000185464,1,76980172.13
48.90592645,6.43E-05,1.703135785,54204822.5
39.16349978,0.000485361,1.041825011,90993624.48
24.67796752,0.000306717,2,97736279.29
48.45206022,4.58E-05,1,44294507.33
33.31595487,0.000216971,1,60208229.75
67.80886968,0.000103628,1.926962323,53906498.83
45.41243339,0.00014848,1.819585554,89339875.19
48.8519373,0.000362797,1.295064577,80280641.61
34.65450187,0.000291862,2,103155970.7
20,0.000357826,1,71317925.91
40,0.000286887,1,62371993.03
40.02693915,0.000399716,1,61087028.95
35.59030225,0.000180781,2,73600834.53
58.45748479,0.000129639,1,50189196.93
28.69278007,0.000176062,1,64949327.61
70,5.15E-05,2,55924112.11
70,5.64E-05,1,65036834.42
52.62310886,0.00024053,1,51922098.35
70,6.11E-05,2,53614221.18
40,0.000440397,1,71812840.97
70,8.32E-05,1.370638629,70754251.42
39.19851818,0.00056663,1,70358111.83
20,8.41E-05,1.772658431,59255115.48
70,2.58E-05,1.859020028,78302308.17
37.55122213,0.000265817,1.122438894,82455408.27
63.55766962,8.65E-05,1.785255654,59111468.1
70,3.34E-05,1.852483192,55690469.11
30.71146674,5.88E-05,1.214229335,42910303.15
54.18275342,0.000224246,1.472758447,60179068.05
65.45326452,0.000137287,1,79194625.67
70,9.94E-05,1.900813397,56499271.64
70,2.15E-05,1.785876416,55757252.66
40,8.70E-05,2,59216484.22
61.19639695,0.000233138,1,79148904.15
70,9.76E-05,1.974126488,53754508.65
70,4.01E-05,1.431350584,45902564.72
53.70055031,0.000279657,1.45668501,63955110.99
40,0.000228949,1.093561483,60480570.55
63.88881506,6.50E-05,1,42837793.65
39.76920181,0.000224712,1,66634440.32
58.60722791,0.000127233,2,60214642.89
40,0.000182003,1.694280238,58809427.27
20,0.000382183,1.118779019,63640373.32
45.40874234,0.00036949,1.508174847,58077870.49
21.15038923,6.58E-05,1,41137650.47
20,0.000569171,1,63497003.62
58.98349325,6.30E-05,1,39991000
70,0.000101083,2,53618000
29.84990427,0.000347749,1.507504786,98593204.91
40,8.34E-05,2,56633688.34
40,0.00013475,1.307763803,59164377.19
44.2021865,0.000194464,2,86569713.09
40,0.000464814,1,68815318.49
51.22366963,0.000190452,1,64553569.51
44.21326857,0.000244914,1,74411620.73
53.66220417,0.000183577,2,83054982.75
40,0.000247895,1.694733466,79219136.54
33.01497965,0.000275296,2,89620698.21
26.58607632,0.000685953,1,62195995.92
58.79290618,9.70E-05,2,69175094.39
25.69561061,0.000239831,2,88404101.34
70,6.10E-05,1.67701058,49215654.2
40,0.000352936,1,60352504.48
70,0.0001274,1,68781025.19
44.1538332,5.63E-05,1.516923336,47036148.15
46.25965162,0.000175797,1,74335513.93
62.21784728,8.65E-05,2,54417606.03
65.68523612,0.00011507,1.856174537,51658090.42
45.93071964,0.000386633,1.197690655,65482205.6
33.73302521,0.00044674,1,56451755.87
40.86849624,9.03E-05,1.417369925,76365853.48
69.28354063,6.69E-05,1,40624015.74
58.48331739,0.000109882,1.61611058,79051782.94
30.60514591,0.000605333,1,61081971.68
70,4.28E-05,1,49580729.02
52.0704327,0.000266366,1.402347757,54004717.62
61.11076407,0.000105925,2,71104711.09
53.00548776,0.000157805,1.433516259,60913744.1
33.18212887,0.000727222,1,65777209.22
59.21047891,0.000239264,1,71899678.33
32.72356487,0.000245036,1.745528703,85971602.48
57.64505567,0.000135893,2,74996995.66
61.80428435,0.000141661,1,43708527.08
49.53932454,0.000209815,2,78721202.72
44.45759952,0.000177228,1,50039380.35
70,6.67E-05,1,55429248.67
20,0.000135747,1.761689641,55424392.52
67.68521844,6.97E-05,1.077159385,43128454.92
40,0.000242006,1.526648032,57154412.55
42.13660397,4.79E-05,1,39942000.55
29.07616584,0.000297893,1,59491141
31.47836521,0.000117174,1,73145907.47
59.96302371,0.000234399,1.665434124,59983450.36
70,6.74E-05,1.374765371,45134816.56
56.33837744,0.000202756,1.726767549,63953563.93
25.20116461,0.000345977,1,64152318.6
29.41733727,0.000578705,1,58411470.61
68.1857825,7.76E-05,1,40814473.32
66.64633702,6.00E-05,1.888211234,61231924.33
20,0.000117071,1,60984992.4
40.02695833,0.000349774,1,65204352.67
42.53892476,0.000164929,1.084630825,57233708.24
20,0.00014477,1,72717739.81
40,0.000392991,1.028035088,61637478.46
40.48945346,0.000272112,1.016315115,78818039.38
70,7.90E-05,1.772068261,60590431.88
70,0.000112,1.576287251,65926431.64
70,6.27E-05,1,63684167.64
26.35067701,0.000448941,1.12701354,86640458.82
38.28243343,0.000567354,1,56103227.02
40,0.000333848,1,60826255.76
25.37566372,0.000183013,1.107513274,75742068.47
70,8.85E-05,1.794212724,59913032.77
26.74732692,0.000100608,2,71132687.01
70,3.56E-05,1.544391445,47437391.92
48.37022857,0.000377626,1.279007619,64246148.69
66.71326408,4.26E-05,1,56531919.21
60.1002209,0.000151722,2,65764038.98
36.04494155,0.000289551,1,63461479.95
57.54962943,8.68E-05,2,64839028.92
53.39335636,0.000129462,1.446445212,67340962.53
59.13502924,0.000108028,2,70484780.6
58.56121181,0.000245208,1.61870706,64398491.01
35.52971697,0.000302939,1.776485849,83867988.85
56.08151441,0.000211166,1.53605048,58997494.68
55.67836593,0.00019905,1.522612198,57124276.01
53.17415779,8.99E-05,2,53618000
70,7.99E-05,2,53618794.37
20,0.000464696,1,72156198.8
70,2.82E-05,1.756318141,57242027.56
20,0.00083702,1,62751602.59
44.92650927,0.000238975,1,52910113.78
25.58223819,0.00018684,1.827325881,69674162.78
41.0959279,0.000386551,1.450266307,61377532.54
52.61951979,0.00013706,1.653188672,64677322.06
60.27549641,6.55E-05,2,56011842.51
70,0.000135957,1.947600921,76073017.47
46.84154703,0.000272471,1.228051568,75533383.3
20,0.000804251,1.156853901,67788143.7
70,2.76E-05,1.781027672,62309019.7
43.8499232,0.000128788,1.415696692,50263268.66
54.00362247,0.000125028,1.940994071,70656773.62
49.97134111,0.000292958,1.588439353,57120713.87
20.45889818,0.000326486,1.494769673,84525850.24
46.85653474,0.000405404,1.350386811,59349564.62
59.16318076,0.0001673,2,79468796.77
43.96598892,0.000239187,1.132199631,63022457.21
32.69809329,0.000688386,1,60843061.89
65.08587436,0.000126738,1.132109047,78834139.83
50.07616458,0.000156642,1.010782513,68204559.96
70,0.000122032,1.988034956,54023802.61
66.93288202,8.03E-05,1.911040786,53425918.77
49.07943828,0.000179611,1.828059587,81364414.79
60.33056204,0.000146373,1.322314599,75918039.32
23.92745755,0.000364671,1,64858141.82
62.31983825,9.10E-05,1.901022579,58994899.35
45.00409391,8.99E-05,1.838574674,51417834.98
40.62250754,0.000213452,1.444302718,74556838.61
35.84439978,0.000297999,1.119951166,79852760.72
30.73611516,0.000209924,1.893449594,74183861.62
42.12621427,0.000410049,1,57180668.31
63.73509504,0.000129482,1,55873669.15
46.37441155,0.000391376,1.282755888,63140345.91
45.19430902,0.00021089,1.99779024,86209404.9
51.51971931,0.000270488,1.424188703,79535405.36
40,0.000281171,1,58861974.7
67.03715953,2.47E-05,1.798853694,74439832.64
69.87547596,9.92E-05,2,53738169.85
22.97314436,0.000422912,1.059462887,73051216.85
32.45055403,0.000434333,1,53131771.01
63.37261101,0.000171299,1.290699824,46886824.32
38.91726,0.000367314,1.564605795,86785092.21
25.79791019,0.000104473,1.010330018,55451743.84
45.88858222,0.000248251,1.330709792,66862466.74
37.74853881,0.000349633,1.242381321,54489537.75
40,0.000388869,1.050604089,62289489.26
36.40534687,0.000158987,1.179732656,80096790.74
37.53315562,0.00020969,1.598351773,89373455.98
24.2510391,0.000354151,1.088020057,60511355.31
48.14577276,0.000241161,1,58504770.43
20,0.000215536,1,76597803.85
50.07304911,0.00035327,1,74168377.7
70,0.000101203,1,64196691.81
21.37563755,0.000681219,1.027512751,62379178.11
55.97471029,0.000218526,1.601579045,56660047.66
70,0.000101543,1.401698745,72642782.46
39.65541231,0.000296209,1.016916379,59652943.22
69.99019959,0.000119068,1,93228496.39
70,4.47E-05,1.793233007,51784895.82
68.6103057,0.000135722,1.903353713,75799882.17
43.14542819,0.000503898,1.509285229,61667558.27
43.90638405,0.000360133,1.412791881,59355562.14
46.88151927,0.000176905,1.184891002,64075394.04
52.15405253,0.000252175,1.73080994,68250358.03
56.99538909,0.000224993,1.56651297,58396881.37
36.64192581,0.000368361,1.027972572,86935710.1
61.52688025,0.000131264,1.076276548,83958047.41
66.33686777,0.000115193,1.219733032,65636615.48
55.81826331,0.000224642,1.865615652,66784069.2
45.23833178,0.000244414,1.737653868,70559619.94
50.25752631,0.000212484,2,81876294.98
33.25987247,0.000719215,1.011402915,65637555.34
60.1734207,0.00015129,1.957043971,64816621.77
52.46149216,0.000163211,1.401322137,57567429.56
61.70564107,0.000162425,1.064662919,60795034.01
59.94515134,0.000176868,1.335161622,77161204.63
62.19414646,7.78E-05,1.260195118,43536678.87
54.62600821,0.00011877,1.805328893,68172800.96
39.4649141,0.000104604,1.94257196,70935129.61
27.26615184,0.000392087,1.542612479,80354064.53
23.40672778,0.000336741,1.144347154,68958148.21
70,2.05E-05,1.540705984,60113653.82
45.02808407,0.000100583,1,61483897.86
42.08608207,6.13E-05,1.967386364,53863682.52
54.96609212,0.00023099,1.442020638,73569171.69
33.44177752,0.000572207,1,63224871.16
41.54655358,0.000338429,1.050698734,64616939.26
51.92745302,6.35E-05,1.98401793,53443226.64
39.25570923,0.000155891,1.057242373,77594478.54
41.43955913,0.000221701,1,62871630.68
61.08640725,9.32E-05,1.378630764,53191257.36
69.31567003,7.46E-05,1.017186677,42095222.62
67.6748392,0.000103425,2,54362438.98
30.29591848,9.33E-05,1,50100316.85
46.79671947,0.000361275,1.423402459,60570946.6
59.45949311,0.000136579,1.64864977,66416855.89
46.11448732,0.000393139,1,50473298.86
68.19951281,9.10E-05,1.06001624,48489824.65
42.48256727,0.000145806,1,66300856.75
65.48709356,0.000102978,1.962578106,62022085.19
39.12653436,0.000149473,1.947807922,63001638.79
51.37151751,0.000323464,1,49456711.93
47.35395577,0.000202816,1.245131859,60274241.88
31.96811695,0.000409513,1.090004826,75500921.9
42.17155218,0.00020951,1.910248554,84493735.11
20.47423876,9.39E-05,1.75509536,59944336.09
42.43301774,0.000216066,1.617344532,71996519.03
53.07893754,0.000287758,1,60637562.35
57.2575222,0.000157903,1.540754194,71993182.31
62.1011696,8.55E-05,1.736705653,60146554.14
58.90129038,0.000230123,1.676128457,60339833.56
50.653004,0.000244247,1.831034961,66235936.62
70,5.87E-05,1,54072204.07
41.72148007,0.000365031,1.503640598,83780672.82
27.12055353,0.000588901,1.248488274,73047797.77
70,6.11E-05,2,53716783.6
40,0.000219535,1.302903677,69756422.32
40.14704372,0.000397984,1.001213878,60976520.17
29.07509717,0.000253438,1.020241921,56575679.32
68.60406698,4.21E-05,1.823038633,76994679.02
60.75358057,5.38E-05,1.815071611,54315636.49
44.69681112,0.000272695,1,63418994.77
33.61740496,0.000212805,1.613239853,77071688.6
42.4707485,0.000358333,1,64226924.28
41.48203136,0.000141661,1.058943901,71630541.07
40,0.000231672,1.859233599,100612888.8
25.56454164,0.000295894,1,57769324.29
45.2026756,0.000290585,1,65777068.28
38.2933964,0.000300852,1.61887452,77069451.09
70,7.94E-05,1.132027391,60215396.84
42.15097524,0.000556893,1.243600352,62861262.04
20,0.000406189,1.177084354,82832380.15
67.8480747,7.84E-05,1,41218363.83
44.6654396,8.38E-05,1.181863478,58107068.99
40.82533735,0.000140559,1.430446388,66904796.25
31.30486024,0.00026789,1.662400662,84485546.37
49.42923449,8.22E-05,1.00281464,54618790.9
48.57361508,0.000333411,1.267168656,85109991.84
32.49751913,6.90E-05,1.059780074,52903341.15
42.1048868,0.000254288,1.908017129,85785725.41
59.29445266,0.000175132,1.345775174,55072721.23
29.04712711,0.000202985,1.452356355,59928120.7
50.93536019,0.000344512,1,75514673.3
50.22331586,7.00E-05,1,49949590.19
39.23015284,0.000141565,2,66132396.38
46.45453364,0.000285399,1,61647902.6
50.12426763,0.000116238,1,63963064.59
53.17666836,0.000229373,1.442975584,58486922.13
45.68583581,0.000264718,1.513716716,72013665.21
65.70617831,0.000118332,1.764632658,57999312.09
62.58292228,0.000109351,1,64845933.79
20,8.32E-05,1.862120321,55596429.43
36.67750573,0.000355668,1.418576649,53905523.14
37.04448216,0.00026714,1,71647350.05
47.04992826,0.000316386,1.10296315,64209728.37
44.37324478,0.00035045,1.425281214,57554323.85
69.91960982,2.32E-05,1.650006072,58570768.01
48.83019868,0.000276037,1,54373932.68
58.6418193,0.000110164,1,62020405.98
57.04021689,7.61E-05,1.899075574,56705278.2
44.33706446,0.000327664,1,51563639.44
53.83163237,0.000158267,1.461054412,59753559.9
57.95241479,0.0001675,1.045459124,82015674.79
61.43080212,0.000175006,1.629684552,59292272
45.5165925,0.000326013,1.190244721,78990833.8
25.49522425,0.000181926,1.114809755,75561210.6
46.25794693,0.000243258,1.974088514,87463443.5
57.53582234,9.37E-05,1.766113079,61031333.37
45.55632342,0.000175023,1.539333195,70879224.54
29.04877951,0.000109477,1.882051338,71510456.16
20,0.000271332,1.641368166,86698552.93
39.81135704,0.000328649,1.443141272,70378421.77
54.24755192,0.000145585,1.897042915,54551614.85
46.91256667,0.000185412,1.769581111,92339373.83
66.63095864,8.62E-05,1.338223159,70963421.88
43.97325977,0.000162567,1.417240336,55243791.61
42.68669833,0.00013296,1.056453971,72806164.96
29.63527843,0.000587271,1.227445247,82793095.74
42.53305895,0.000342777,1.509134647,85141820.58
35.49101776,0.000438612,1.588425114,63622457.98
70,0.000120114,2,53618000
51.2519188,0.000227746,1.016315504,59886596.29
68.32692181,5.54E-05,1.703204096,59490765.1
41.08724081,0.000158466,1.335168181,59400695.51
50.76630781,0.000326828,1.178265188,81193658.96
51.06891327,0.000156642,1.256800738,59584326.96
26.06772934,0.000148408,1.958260775,78317048.46
31.7932587,0.00037742,1,58491248.61
45.24438216,0.000112542,1.536052329,58480291.25
40.42090188,0.000218778,1.287100886,81819200.11
31.51957191,0.000711177,1,65387339.61
62.37254772,0.000127154,1.723533795,58982831.13
20.57424273,0.000537949,1.27759984,67707983.28
40.51115547,0.000182765,1.679525871,74600140.29
58.30984014,8.49E-05,1.938940716,63321826.07
49.90584337,0.000145674,1.145891025,66158755.08
34.59141456,0.000441244,1.729570728,90361285.34
63.56625855,7.97E-05,1,48443954.25
53.8440946,0.000274333,1.13900178,61303376.95
67.25483663,6.21E-05,1.713964444,56952136.79
62.84293299,8.77E-05,1.079559552,60280954.26
27.57253735,0.000303682,1.22773323,70353177.09
58.23208142,0.00010647,2,69688867.38
70,0.000130758,2,53618000
70,0.000127995,1.32572844,78033403.08
20,0.000680918,1,67768788.94
70,8.74E-05,1.560138153,68365115.28
58.43008236,6.92E-05,1.588396936,64317277.16
35.26832642,0.000228205,1.422701352,55540477.46
51.5762255,5.75E-05,1.733994171,59763087.01
48.26722644,0.00034816,1.031627358,78330343.49
49.72303693,9.77E-05,1.757478351,54583400.07
35.98806835,0.000570524,1,55288293.64
61.6849259,0.000134688,1.154483434,54645270.21
70,0.00010086,1.874608059,59236908.09
47.71139201,6.81E-05,1.660664852,57498426.81
26.17147344,0.000581057,1.308573672,72738551.39
58.77858727,0.00011264,1.426543015,66946746
42.95000148,0.000252267,1.813648269,82411811.35
57.88897793,4.24E-05,1.073015354,62940953.56
58.81514789,0.000249583,1.608616579,68107239.82
70,4.76E-05,1,54989090.8
45.92240314,0.000171714,1,73238074.66
69.2021915,7.89E-05,1.759948644,61187186.8
67.7243271,6.90E-05,1.675733972,52420754.07
39.86781629,0.0003744,1.07015676,63864319.31
70,9.08E-05,1.272304855,77176121.01
21.93201178,0.000488085,1,69336402.08
44.28775923,0.000385689,1.175513223,65190953.66
25.25251067,0.000552174,1,58638684.9
40.70449096,0.000168889,1,57927934.87
39.916695,0.000595934,1.3983339,59072402.96
58.83976724,0.000242658,1.35326282,67616729.65
56.61554856,0.000120252,2,75791450.2
40.89138078,0.000177652,1.027636502,74697071.59
48.10670641,0.000110522,2,70899536.79
39.98680067,0.000320771,1.530078563,72479014.8
32.36522989,0.000359061,1.197566265,68224561.1
64.8701018,6.99E-05,1.2371546,43222705.74
70,0.000102145,1.76922254,58644058.17
70,0.000112701,1.743376268,60605350.96
40.5932135,0.00014546,1.518457814,77896765.86
64.10832503,8.90E-05,1.158389024,59655264.95
34.48769837,0.000428554,1.07208535,58622819.36
64.8511566,0.000109679,1,57937383.24
60.46235059,0.000194115,1.682078353,53823714.79
52.24414751,0.000272111,1.535613478,76491036.08
46.41483668,0.000243381,1,56386133.7
22.51825094,0.000135431,1.090348678,57027543.33
57.47821347,0.000103875,1.417392884,76245835.94
53.41217881,0.000123566,1.531684299,72294035.37
62.8008263,8.11E-05,1.413752493,52011172.89
59.51769414,0.000159615,1.743858168,55122357.1
52.55406455,6.91E-05,1.651081291,49068735.74
68.06523851,2.98E-05,2,75287264.01
27.00566757,9.08E-05,1.283033876,58728366.77
20,0.000511097,1,64202348.13
35.04341751,0.000372102,1.24451772,85247138.23
41.37649756,0.000101553,1.486243656,52250905.39
20.43832193,0.000485902,1.021916096,72011338.55
59.23416771,0.000162981,1.763166694,63723515.57
38.51470033,0.000220453,1.167547011,59952296.76
70,4.32E-05,1.206309687,42561618.7
70,2.28E-05,1.055435694,40222083.68
60.87850487,0.000200361,1.869918183,76559679.43
30.3551079,0.000531856,1.064458713,58991953.51
47.02401934,0.000264258,1.721394152,67251990.82
37.10083955,0.000115943,1.00184328,58236222.31
52.16285133,0.000202317,1.286989903,79525736.87
70,7.01E-05,2,53166898.57
64.83885114,0.000120984,1.714307491,60028407.44
49.09778038,0.000142027,1.308494106,73116598.08
42.75010329,0.000307187,1,64196348.71
44.51668899,0.000213457,1.055909972,62119648.51
55.34361735,5.85E-05,1,44895704.42
57.71067088,0.000253555,1.204507372,64145944.75
40.26320622,0.000349901,1.008773541,75579924.02
70,0.000106118,1,77480412.86
68.6492273,0.000104452,1.926444918,59674982.43
45.95983211,0.000194646,1.211627106,64079595.75
68.12572704,5.79E-05,1,50077814.91
65.82182331,0.000102509,1.827753254,64709898.13
46.66435908,0.00020072,1.334647375,61652342.11
68.5124188,0.000106846,1.79977898,55164937.72
44.11383602,0.000229347,1.986398753,78994113.75
46.66870891,0.000210031,1.523533246,71911508.44
52.54019062,0.000145437,1.522480511,82332258.97
60.76245808,0.000168393,1.496439035,73990127.82
38.9517337,8.57E-05,1.019039182,50354827.37
48.65081474,0.000154033,1,67877216.96
47.78639214,8.45E-05,1.396912652,56518468.25
67.95755889,3.85E-05,1.713000622,49719608.31
65.54467748,5.87E-05,1.757885048,78872542.29
68.82046873,3.27E-05,1.039317709,42180534.03
28.82431569,0.000321945,1.2746047,68399445.97
37.48876307,0.000387926,1.302474664,89310862.29
65.48103082,0.000104052,1.810057856,57498188.29
40.59191668,0.000414478,1.046284331,71131767.08
40.77022475,0.000256627,1.247415383,57227712.04
70,5.25E-05,1.582223431,47949607.51
59.81387005,0.000223445,1,70663768.01
39.65018683,0.000249948,1.362820736,66917655.42
67.91369602,0.000103406,1.949625402,55256261.64
33.81472339,0.000214967,1.276294468,61481077.42
54.97211425,0.000164837,1.500929525,69532650.6
26.92433732,0.000569918,1,59105539.85
51.56422006,0.000185964,1.445850504,82522156.67
70,3.52E-05,1.256410804,43528981.8
66.83413549,8.14E-05,1,42325194.53
63.76961614,7.11E-05,1.282462299,51041990.24
53.02891392,0.000260855,1.333219824,68025641.38
20.25313686,8.34E-05,1.775535857,59182653.59
68.82293794,2.80E-05,1.960764598,53469394.09
63.11523188,6.95E-05,1.900596457,52264530.27
58.22803858,0.000168547,1.152527511,79496548.95
36.23250007,0.00035332,1,75464746.77
46.89326223,0.000183144,1.244199252,67371664.2
49.52794238,0.000262793,1,79473222.51
67.83315246,7.76E-05,2,57361605.55
49.85127943,0.000103196,1.509858088,77388256.62
53.94385682,0.000194012,1.771833821,65365381.63
34.2097266,0.000475038,1.157023221,61606002.87
48.18818951,0.000379744,1,73826527.08
57.21405784,7.58E-05,1.366017692,53465417.49
41.29784554,0.000403941,1.188354604,89592761.78
51.24238324,0.000303451,1,66982335.28
56.19748602,0.000118311,1.469369983,55246669.77
37.16366545,0.000508071,1,66473953.17
53.53063443,0.000109924,1.751013681,78637865.92
46.82447638,0.000200576,2,82680704.4
61.02981931,9.35E-05,1.403973892,58171581.38
33.08872711,0.000723031,1.00539694,65703854.5
70,6.98E-05,1.150288094,69754347.34
28.27220929,9.71E-05,2,53777304.76
67.60660483,0.000112852,2,55947826.6
53.81862359,0.000115209,1.776463149,75689461.23
57.27387591,4.68E-05,1,59449503.41
27.97469617,0.000316253,1.021200323,59834103.61
64.31153063,0.000110657,1.546870053,61223090.51
33.23058949,0.000385052,1,65024350.2
70,4.69E-05,1.173956097,42359021.6
66.18082082,6.64E-05,1.000352706,48233643.97
70,4.48E-05,1.413181067,59931138.5
28.36189762,0.000192293,1,77110510.99
33.24148619,0.000581471,1,65665958.59
26.66500717,0.000148774,1,48168518.57
40,0.000157357,1.352860929,59563428.55
22.05692469,0.000165308,1,70955207.88
44.48937923,0.000169296,1.727271575,73066747.31
59.61284902,0.000139517,1,78837153.68
41.05026869,0.000120477,1.883713573,63453309.68
38.34790296,4.64E-05,1.111334227,44900234.07
70,6.33E-05,2,53618634.23
62.25381744,5.88E-05,1.296856732,44037157.26
24.76706469,0.000736359,1.047004842,61810049.11
41.57384542,0.000507578,1,63700330.77
47.83250291,0.000170751,1.268653002,64791150.98
40,0.000188144,1.858413008,79698300.46
36.85235793,0.000355277,1,70365882.67
53.72942463,7.42E-05,1.014706165,41366599.11
52.87521873,6.82E-05,1.656347818,49046127.39
22.87493177,0.000891632,1.003087964,63176403.82
44.16536908,0.000183194,1.968352673,99290337.08
46.3630142,6.39E-05,1.558395807,47560507.83
61.52493684,6.06E-05,1.671619,72693665.73
36.98592793,0.000190101,1.052662422,71427421.36
33.79992749,0.000353336,1.257621239,65093865.61
38.85684278,0.000117399,1.363032963,64266730.94
70,5.62E-05,2,53722389.08
69.84469478,9.19E-05,1.03081707,79795413
20,0.000710631,1.126443162,68411132.53
66.11096762,5.00E-05,1.104550921,46252937.74
49.78852291,0.000184237,1.845042281,79294954.57
55.73598932,7.50E-05,1.510961467,47210414.17
70,3.42E-05,1.664304522,66699745.08
29.58943647,0.000446558,1.191788729,77581275.86
23.90346014,0.00036939,1.497374503,69511726.8
44.604544,0.000332486,1,68301005.98
37.90947562,0.000232047,2,81502346.27
29.56972443,0.000344968,1.521513778,98137397.52
52.28039206,0.000103324,1.022650114,42610956.06
26.90583251,0.000774986,1.071250712,60257526.43
29.954447,0.000397627,1.057058079,66391134.3
50.41224148,0.000169344,1,47828727.31
46.22819967,0.000163875,1,49962663.01
52.06057649,0.00016364,1.687596507,72384504.17
22.63030581,0.000343811,1,59445517.9
32.73413905,0.00049558,1,64347401.4
54.13973691,0.00026943,1.061436685,49751037.91
38.19605081,0.0003821,1.094877849,63554058.97
58.19764595,0.000231293,1.685605277,63339062.43
56.0847007,7.40E-05,1.085919696,45154200.48
40.40105826,0.000174263,1.652637731,58759487.09
21.21765078,0.000975911,1.018627287,62928753.31
26.29255783,0.000485982,1.256860073,70525820.52
54.03487799,0.000148999,1.467829266,64472604.59
61.56527208,0.000125719,1.718842403,62100524.72
52.16581462,0.000294227,1.551155392,69197372.19
27.61173921,0.000680547,1.200435374,60580749.95
43.29137088,0.000317565,1.162624912,65295371.6
40.22059701,0.000330838,1.03427692,61753159.01
51.82896687,7.71E-05,1.605701104,48243706.05
